Comune;Provincia;ATO;Abitanti;Kg di rifiuti differenziati (RDi);Kg di compostaggio domestico;Kg di rifiuti non differenziati (RUind);Totale Kg di rifiuti prodotti (RDi+comp+RUind);Produzione R.U. pro capite annua in Kg;%RD;Tasso di riciclaggio
Aiello del Sabato;AV;Avellino; 4.000 ; 912.380   ; -   ; 463.020 ; 1.375.400 ;344;66,34%;50,49%
Altavilla Irpina;AV;Avellino; 3.945 ; 977.798   ; 13.687,5 ; 400.260 ; 1.391.746 ;353;71,24%;55,33%
Andretta;AV;Avellino; 1.678 ; 297.345   ; -   ; 155.260 ; 452.605 ;270;65,70%;47,46%
Aquilonia;AV;Avellino; 1.462 ; 338.995   ; -   ; 143.980 ; 482.975 ;330;70,19%;52,77%
Ariano Irpino;AV;Avellino; 21.023 ; 3.948.802   ; -   ; 3.703.460 ; 7.652.262 ;364;51,60%;38,76%
Atripalda;AV;Avellino; 10.367 ; 2.957.295   ; -   ; 1.980.840 ; 4.938.135 ;476;59,89%;45,41%
Avella;AV;Avellino; 7.516 ; 2.566.426   ; 41.062,5 ; 467.000 ; 3.074.489 ;409;84,81%;62,18%
Avellino;AV;Avellino; 52.198 ; 14.508.727   ; -   ; 7.418.460 ; 21.927.187 ;420;66,17%;50,53%
Bagnoli Irpino;AV;Avellino; 3.027 ; 774.215   ; -   ; 464.680 ; 1.238.895 ;409;62,49%;47,27%
Baiano;AV;Avellino; 4.443 ; 1.565.273   ; -   ; 292.760 ; 1.858.033 ;418;84,24%;63,41%
Bisaccia;AV;Avellino; 3.534 ; 970.454   ; -   ; 338.370 ; 1.308.824 ;370;74,15%;57,11%
Bonito;AV;Avellino; 2.217 ; 349.946   ; -   ; 275.350 ; 625.296 ;282;55,96%;40,65%
Cairano;AV;Avellino; - ; NC ; NC ; NC ; NC ; NC ; NC ; NC 
Calitri;AV;Avellino; 4.243 ; 970.491   ; -   ; 384.120 ; 1.354.611 ;319;71,64%;54,56%
Candida;AV;Avellino; 1.101 ; 209.409   ; -   ; 130.680 ; 340.089 ;309;61,57%;46,94%
Capriglia Irpina;AV;Avellino; 2.262 ; 501.629   ; -   ; 170.660 ; 672.289 ;297;74,62%;55,33%
Carife;AV;Avellino; 1.272 ; 228.599   ; -   ; 169.760 ; 398.359 ;313;57,39%;44,06%
Casalbore;AV;Avellino; 1.574 ; 308.933   ; -   ; 206.720 ; 515.653 ;328;59,91%;43,12%
Cassano Irpino;AV;Avellino; 945 ; 171.053   ; -   ; 92.180 ; 263.233 ;279;64,98%;48,50%
Castel Baronia;AV;Avellino; 1.062 ; 183.474   ; -   ; 115.060 ; 298.534 ;281;61,46%;46,71%
Castelfranci;AV;Avellino; 1.766 ; 310.067   ; -   ; 173.460 ; 483.527 ;274;64,13%;49,02%
Castelvetere sul Calore;AV;Avellino; 1.486 ; 268.593   ; -   ; 191.180 ; 459.773 ;309;58,42%;44,58%
Cervinara;AV;Avellino; 8.680 ; 2.287.560   ; -   ; 1.648.560 ; 3.936.120 ;453;58,12%;43,64%
Cesinali;AV;Avellino; 2.552 ; 636.295   ; -   ; 242.740 ; 879.035 ;344;72,39%;56,77%
Chianche;AV;Avellino; - ; NC ; NC ; NC ; NC ; NC ; NC ; NC 
Chiusano di San Domenico;AV;Avellino; 2.089 ; 525.890   ; -   ; 194.560 ; 720.450 ;345;72,99%;56,74%
Contrada;AV;Avellino; 2.950 ; 599.395   ; -   ; 414.460 ; 1.013.855 ;344;59,12%;45,19%
Conza della Campania;AV;Avellino; 1.270 ; 225.200   ; -   ; 217.370 ; 442.570 ;348;50,88%;37,43%
Domicella;AV;Avellino; 1.849 ; 677.885   ; -   ; 60 ; 677.945 ;367;99,99%;77,14%
Flumeri;AV;Avellino; 2.506 ; 457.751   ; -   ; 495.136 ; 952.887 ;380;48,04%;35,72%
Fontanarosa;AV;Avellino; 2.870 ; 624.281   ; -   ; 333.110 ; 957.391 ;334;65,21%;50,72%
Forino;AV;Avellino; 5.179 ; 1.476.705   ; -   ; 840.720 ; 2.317.425 ;447;63,72%;51,38%
Frigento;AV;Avellino; 3.462 ; 551.716   ; 307.147,5 ; 325.870 ; 1.184.734 ;342;72,49%;53,38%
Gesualdo;AV;Avellino; 3.234 ; 678.219   ; -   ; 359.720 ; 1.037.939 ;321;65,34%;48,29%
Greci;AV;Avellino; 585 ; 92.037   ; -   ; 104.660 ; 196.697 ;336;46,79%;33,22%
Grottaminarda;AV;Avellino; 7.711 ; 1.940.110   ; -   ; 1.467.270 ; 3.407.380 ;442;56,94%;43,61%
Grottolella;AV;Avellino; - ; NC ; NC ; NC ; NC ; NC ; NC ; NC 
Guardia Lombardi;AV;Avellino; 1.515 ; 265.290   ; -   ; 127.630 ; 392.920 ;259;67,52%;51,65%
Lacedonia;AV;Avellino; 2.048 ; 343.245   ; -   ; 427.520 ; 770.765 ;376;44,53%;33,58%
Lapio;AV;Avellino; 1.428 ; 290.154   ; 23.268,8 ; 131.060 ; 444.483 ;311;70,51%;55,26%
Lauro;AV;Avellino; 3.340 ; 863.108   ; 16.698,8 ; 500.450 ; 1.380.257 ;413;63,74%;46,93%
Lioni;AV;Avellino; 5.934 ; 1.408.535   ; -   ; 730.450 ; 2.138.985 ;360;65,85%;50,26%
Luogosano;AV;Avellino; 1.082 ; 306.070   ; -   ; 116.580 ; 422.650 ;391;72,42%;56,55%
Manocalzati;AV;Avellino; 3.019 ; 926.792   ; -   ; 263.860 ; 1.190.652 ;394;77,84%;56,98%
Marzano di Nola;AV;Avellino; 1.639 ; 598.973   ; -   ; 118.940 ; 717.913 ;438;83,43%;58,54%
Melito Irpino;AV;Avellino; 1.789 ; 343.475   ; -   ; 201.920 ; 545.395 ;305;62,98%;45,47%
Mercogliano;AV;Avellino; 11.492 ; 2.589.835   ; 8.486,3 ; 2.223.200 ; 4.821.521 ;420;53,89%;40,72%
Mirabella Eclano;AV;Avellino; - ; NC ; NC ; NC ; NC ; NC ; NC ; NC 
Montaguto;AV;Avellino; - ; NC ; NC ; NC ; NC ; NC ; NC ; NC 
Montecalvo Irpino;AV;Avellino; 3.324 ; 499.605   ; -   ; 414.520 ; 914.125 ;275;54,65%;41,24%
Montefalcione;AV;Avellino; - ; NC ; NC ; NC ; NC ; NC ; NC ; NC 
Monteforte Irpino;AV;Avellino; 11.229 ; 2.833.087   ; -   ; 1.263.880 ; 4.096.967 ;365;69,15%;52,14%
Montefredane;AV;Avellino; 2.108 ; 448.851   ; -   ; 330.460 ; 779.311 ;370;57,60%;42,85%
Montefusco;AV;Avellino; 1.192 ; 304.455   ; -   ; 42.940 ; 347.395 ;291;87,64%;55,95%
Montella;AV;Avellino; 7.291 ; 2.160.316   ; -   ; 1.126.600 ; 3.286.916 ;451;65,72%;51,04%
Montemarano;AV;Avellino; 2.610 ; 446.340   ; 27.375,0 ; 393.760 ; 867.475 ;332;54,61%;42,06%
Montemiletto;AV;Avellino; 5.070 ; 855.196   ; 10.950,0 ; 771.220 ; 1.637.366 ;323;52,90%;39,31%
Monteverde;AV;Avellino; 695 ; 147.750   ; -   ; 65.520 ; 213.270 ;307;69,28%;53,11%
Morra De Sanctis;AV;Avellino; 1.124 ; 169.450   ; -   ; 250.240 ; 419.690 ;373;40,38%;30,26%
Moschiano;AV;Avellino; - ; NC ; NC ; NC ; NC ; NC ; NC ; NC 
Mugnano del Cardinale;AV;Avellino; - ; NC ; NC ; NC ; NC ; NC ; NC ; NC 
Nusco;AV;Avellino; 3.899 ; 547.136   ; -   ; 551.220 ; 1.098.356 ;282;49,81%;36,80%
Ospedaletto d'Alpinolo;AV;Avellino; 2.024 ; 567.808   ; -   ; 241.260 ; 809.068 ;400;70,18%;52,80%
Pago del Vallo di Lauro;AV;Avellino; 1.710 ; 336.250   ; -   ; 255.920 ; 592.170 ;346;56,78%;44,03%
Parolise;AV;Avellino; 637 ; 153.112   ; 2.737,5 ; 90.000 ; 245.850 ;386;63,39%;48,25%
Paternopoli;AV;Avellino; 2.143 ; 452.906   ; -   ; 232.180 ; 685.086 ;320;66,11%;50,37%
Petruro Irpino;AV;Avellino; 302 ; 25.110   ; -   ; 41.380 ; 66.490 ;220;37,77%;30,25%
Pietradefusi;AV;Avellino; 1.916 ; 363.458   ; -   ; 325.620 ; 689.078 ;360;52,75%;39,56%
Pietrastornina;AV;Avellino; 1.449 ; 330.351   ; -   ; 172.740 ; 503.091 ;347;65,66%;50,35%
Prata di Principato Ultra;AV;Avellino; 2.696 ; 585.824   ; -   ; 401.400 ; 987.224 ;366;59,34%;45,95%
Pratola Serra;AV;Avellino; 3.592 ; 820.208   ; -   ; 240.010 ; 1.060.218 ;295;77,36%;55,01%
Quadrelle;AV;Avellino; 1.829 ; 426.861   ; -   ; 165.760 ; 592.621 ;324;72,03%;53,93%
Quindici;AV;Avellino; 1.790 ; 285.060   ; -   ; 415.200 ; 700.260 ;391;40,71%;31,98%
Roccabascerana;AV;Avellino; 2.308 ; 563.165   ; 10.950,0 ; 216.140 ; 790.255 ;342;72,65%;54,46%
Rocca San Felice;AV;Avellino; 781 ; 146.305   ; -   ; 57.740 ; 204.045 ;261;71,70%;52,15%
Salza Irpina;AV;Avellino; 720 ; 161.480   ; -   ; 71.540 ; 233.020 ;324;69,30%;53,19%
San Mango sul Calore;AV;Avellino; 1.093 ; 229.208   ; -   ; 91.070 ; 320.278 ;293;71,57%;53,57%
San Martino Valle Caudina;AV;Avellino; 4.764 ; 1.408.075   ; -   ; 408.050 ; 1.816.125 ;381;77,53%;55,84%
San Michele di Serino;AV;Avellino; 2.414 ; 495.935   ; -   ; 404.760 ; 900.695 ;373;55,06%;41,49%
San Nicola Baronia;AV;Avellino; - ; NC ; NC ; NC ; NC ; NC ; NC ; NC 
San Potito Ultra;AV;Avellino; 1.477 ; 375.713   ; 6.022,5 ; 172.000 ; 553.736 ;375;68,94%;52,24%
San Sossio Baronia;AV;Avellino; 1.490 ; 243.684   ; -   ; 180.060 ; 423.744 ;284;57,51%;43,00%
Santa Lucia di Serino;AV;Avellino; - ; NC ; NC ; NC ; NC ; NC ; NC ; NC 
Sant'Andrea di Conza;AV;Avellino; 1.406 ; 373.235   ; 16.972,5 ; 51.880 ; 442.088 ;314;88,26%;63,84%
Sant'Angelo all'Esca;AV;Avellino; 730 ; 181.375   ; -   ; 89.240 ; 270.615 ;371;67,02%;50,54%
Sant'Angelo a Scala;AV;Avellino; 703 ; 104.515   ; -   ; 104.870 ; 209.385 ;298;49,92%;40,04%
Sant'Angelo dei Lombardi;AV;Avellino; 3.832 ; 581.220   ; -   ; 784.830 ; 1.366.050 ;356;42,55%;32,29%
Santa Paolina;AV;Avellino; 1.157 ; 240.853   ; -   ; 117.100 ; 357.953 ;309;67,29%;50,80%
Santo Stefano del Sole;AV;Avellino; 2.055 ; 449.660   ; -   ; 262.680 ; 712.340 ;347;63,12%;48,67%
Savignano Irpino;AV;Avellino; 1.004 ; 122.632   ; -   ; 92.817 ; 215.449 ;215;56,92%;42,11%
Scampitella;AV;Avellino; 1.036 ; 223.955   ; -   ; 111.440 ; 335.395 ;324;66,77%;50,40%
Serino;AV;Avellino; 6.695 ; 1.592.785   ; -   ; 1.095.700 ; 2.688.485 ;402;59,24%;45,80%
Sirignano;AV;Avellino; - ; NC ; NC ; NC ; NC ; NC ; NC ; NC 
Solofra;AV;Avellino; 12.053 ; 2.574.375   ; 24.637,5 ; 1.726.020 ; 4.325.033 ;359;60,09%;45,39%
Sorbo Serpico;AV;Avellino; 530 ; 135.378   ; -   ; 37.980 ; 173.358 ;327;78,09%;59,83%
Sperone;AV;Avellino; 3.625 ; 1.265.794   ; -   ; 201.940 ; 1.467.734 ;405;86,24%;65,24%
Sturno;AV;Avellino; 2.752 ; 575.640   ; -   ; 238.230 ; 813.870 ;296;70,73%;53,90%
Summonte;AV;Avellino; 1.518 ; 313.707   ; -   ; 183.260 ; 496.967 ;327;63,12%;49,33%
Taurano;AV;Avellino; 1.487 ; 375.860   ; -   ; 96.860 ; 472.720 ;318;79,51%;58,59%
Taurasi;AV;Avellino; 2.161 ; 493.639   ; -   ; 233.020 ; 726.659 ;336;67,93%;53,45%
Teora;AV;Avellino; 1.447 ; 284.165   ; -   ; 173.530 ; 457.695 ;316;62,09%;45,11%
Torella dei Lombardi;AV;Avellino; 1.952 ; 250.420   ; -   ; 215.980 ; 466.400 ;239;53,69%;38,71%
Torre Le Nocelle;AV;Avellino; 1.201 ; 187.080   ; -   ; 143.640 ; 330.720 ;275;56,57%;41,39%
Torrioni;AV;Avellino; - ; NC ; NC ; NC ; NC ; NC ; NC ; NC 
Trevico;AV;Avellino; 842 ; 144.480   ; -   ; 108.440 ; 252.920 ;300;57,12%;42,72%
Tufo;AV;Avellino; 772 ; 153.554   ; -   ; 160.600 ; 314.154 ;407;48,88%;37,66%
Vallata;AV;Avellino; - ; NC ; NC ; NC ; NC ; NC ; NC ; NC 
Vallesaccarda;AV;Avellino; 1.241 ; 298.099   ; -   ; 129.780 ; 427.879 ;345;69,67%;50,17%
Venticano;AV;Avellino; 2.274 ; 474.054   ; 19.710,0 ; 346.320 ; 840.084 ;369;58,78%;44,99%
Villamaina;AV;Avellino; 911 ; 141.775   ; -   ; 119.780 ; 261.555 ;287;54,20%;41,56%
Villanova del Battista;AV;Avellino; 1.472 ; 283.425   ; -   ; 150.560 ; 433.985 ;295;65,31%;51,04%
Volturara Irpina;AV;Avellino; 2.963 ; 690.288   ; -   ; 397.940 ; 1.088.228 ;367;63,43%;49,08%
Zungoli;AV;Avellino; 942 ; 182.985   ; -   ; 52.680 ; 235.665 ;250;77,65%;58,97%
Montoro;AV;Avellino; 19.347 ; 5.047.967   ; -   ; 2.274.900 ; 7.322.867 ;379;68,93%;52,99%
Airola;BN;Benevento; 8.106 ; 2.374.373   ; 547,5 ; 796.600 ; 3.171.521 ;391;74,88%;55,63%
Amorosi;BN;Benevento; 2.619 ; 669.990   ; 74.733,8 ; 317.620 ; 1.062.344 ;406;70,10%;52,40%
Apice;BN;Benevento; 5.286 ; 1.912.554   ; -   ; 315.360 ; 2.227.914 ;421;85,85%;55,15%
Apollosa;BN;Benevento; 2.462 ; 456.130   ; 145.087,5 ; 147.720 ; 748.938 ;304;80,28%;56,06%
Arpaia;BN;Benevento; 1.989 ; 864.170   ; -   ; 229.860 ; 1.094.030 ;550;78,99%;46,06%
Arpaise;BN;Benevento; 735 ; 165.550   ; -   ; 19.100 ; 184.650 ;251;89,66%;64,58%
Baselice;BN;Benevento; 2.094 ; 478.260   ; -   ; 99.780 ; 578.040 ;276;82,74%;64,38%
Benevento;BN;Benevento; 56.201 ; 16.624.764   ; 318.371,3 ; 8.579.640 ; 25.522.775 ;454;66,38%;51,25%
Bonea;BN;Benevento; 1.382 ; 431.060   ; -   ; 85.880 ; 516.940 ;374;83,39%;60,34%
Bucciano;BN;Benevento; 1.968 ; 643.180   ; 7.938,8 ; 155.920 ; 807.039 ;410;80,68%;56,97%
Buonalbergo;BN;Benevento; 1.525 ; 296.737   ; -   ; 174.100 ; 470.837 ;309;63,02%;44,92%
Calvi;BN;Benevento; - ; NC ; NC ; NC ; NC ; NC ; NC ; NC 
Campolattaro;BN;Benevento; 971 ; 187.000   ; 53.381,3 ; 59.900 ; 300.281 ;309;80,05%;60,45%
Campoli del Monte Taburno;BN;Benevento; 1.531 ; 269.990   ; -   ; 115.440 ; 385.430 ;252;70,05%;48,80%
Casalduni;BN;Benevento; 1.211 ; 179.440   ; 254.587,5 ; 103.200 ; 537.228 ;444;80,79%;59,31%
Castelfranco in Miscano;BN;Benevento; 794 ; 174.790   ; -   ; 43.840 ; 218.630 ;275;79,95%;62,40%
Castelpagano;BN;Benevento; 1.330 ; 197.100   ; 112.785,0 ; 100.180 ; 410.065 ;308;75,57%;60,07%
Castelpoto;BN;Benevento; 1.109 ; 166.970   ; -   ; 98.820 ; 265.790 ;240;62,82%;47,11%
Castelvenere;BN;Benevento; 2.405 ; 596.482   ; 62.962,5 ; 159.100 ; 818.545 ;340;80,56%;58,21%
Castelvetere in Val Fortore;BN;Benevento; 986 ; 135.150   ; -   ; 60.870 ; 196.020 ;199;68,95%;52,51%
Cautano;BN;Benevento; 1.928 ; 498.448   ; -   ; 48.400 ; 546.848 ;284;91,15%;64,03%
Ceppaloni;BN;Benevento; - ; NC ; NC ; NC ; NC ; NC ; NC ; NC 
Cerreto Sannita;BN;Benevento; 3.607 ; 1.002.080   ; -   ; 313.160 ; 1.315.240 ;365;76,19%;51,94%
Circello;BN;Benevento; 2.174 ; 490.933   ; -   ; 117.800 ; 608.733 ;280;80,65%;51,67%
Colle Sannita;BN;Benevento; 2.167 ; 540.219   ; 123.187,5 ; 240.820 ; 904.227 ;417;73,37%;51,21%
Cusano Mutri;BN;Benevento; 3.763 ; 651.581   ; 241.173,8 ; 142.300 ; 1.035.055 ;275;86,25%;60,98%
Dugenta;BN;Benevento; 2.639 ; 731.830   ; -   ; 194.240 ; 926.070 ;351;79,03%;51,46%
Durazzano;BN;Benevento; 2.102 ; 1.023.490   ; -   ; 103.580 ; 1.127.070 ;536;90,81%;57,22%
Faicchio;BN;Benevento; 3.347 ; 724.560   ; -   ; 180.840 ; 905.400 ;271;80,03%;48,68%
Foglianise;BN;Benevento; 3.120 ; 837.572   ; -   ; 354.740 ; 1.192.312 ;382;70,25%;50,08%
Foiano di Val Fortore;BN;Benevento; 1.320 ; 245.686   ; -   ; 104.920 ; 350.606 ;266;70,07%;52,14%
Forchia;BN;Benevento; 1.217 ; 688.791   ; -   ; 57.660 ; 746.451 ;613;92,28%;57,67%
Fragneto l'Abate;BN;Benevento; 959 ; 207.713   ; 41.062,5 ; 62.620 ; 311.396 ;325;79,89%;55,54%
Fragneto Monforte;BN;Benevento; 1.668 ; 298.230   ; 83.493,8 ; 157.060 ; 538.784 ;323;70,85%;51,65%
Frasso Telesino;BN;Benevento; - ; NC ; NC ; NC ; NC ; NC ; NC ; NC 
Ginestra degli Schiavoni;BN;Benevento; 402 ; 85.450   ; -   ; 14.630 ; 100.080 ;249;85,38%;56,42%
Guardia Sanframondi;BN;Benevento; 4.558 ; 1.161.994   ; 26.006,3 ; 250.580 ; 1.438.580 ;316;82,58%;59,28%
Limatola;BN;Benevento; - ; NC ; NC ; NC ; NC ; NC ; NC ; NC 
Melizzano;BN;Benevento; - ; NC ; NC ; NC ; NC ; NC ; NC ; NC 
Moiano;BN;Benevento; 4.013 ; 1.030.803   ; 5.475,0 ; 243.380 ; 1.279.658 ;319;80,98%;59,54%
Molinara;BN;Benevento; 1.453 ; 354.078   ; -   ; 132.400 ; 486.478 ;335;72,78%;52,44%
Montefalcone di Val Fortore;BN;Benevento; 1.298 ; 393.338   ; -   ; 110.540 ; 503.878 ;388;78,06%;38,34%
Montesarchio;BN;Benevento; 12.959 ; 3.958.551   ; 8.212,5 ; 685.380 ; 4.652.144 ;359;85,27%;65,40%
Morcone;BN;Benevento; 4.515 ; 799.604   ; -   ; 255.640 ; 1.055.244 ;234;75,77%;52,17%
Paduli;BN;Benevento; 3.602 ; 669.455   ; -   ; 173.800 ; 843.255 ;234;79,39%;52,48%
Pago Veiano;BN;Benevento; 2.269 ; 557.327   ; 20.531,3 ; 171.300 ; 749.158 ;330;77,13%;59,77%
Pannarano;BN;Benevento; 1.978 ; 428.577   ; -   ; 200.880 ; 629.457 ;318;68,09%;48,31%
Paolisi;BN;Benevento; 1.965 ; 778.185   ; -   ; 288.220 ; 1.066.405 ;543;72,97%;47,53%
Paupisi;BN;Benevento; 1.444 ; 291.430   ; -   ; 120.700 ; 412.130 ;285;70,71%;48,34%
Pesco Sannita;BN;Benevento; 1.840 ; 375.700   ; 13.687,5 ; 201.420 ; 590.808 ;321;65,91%;44,99%
Pietraroja;BN;Benevento; 507 ; 102.505   ; -   ; 25.120 ; 127.625 ;252;80,32%;49,49%
Pietrelcina;BN;Benevento; 2.878 ; 780.230   ; 26.280,0 ; 252.800 ; 1.059.310 ;368;76,14%;57,09%
Ponte;BN;Benevento; 2.419 ; 472.150   ; -   ; 305.980 ; 778.130 ;322;60,68%;37,90%
Pontelandolfo;BN;Benevento; 2.014 ; 444.010   ; 6.022,5 ; 170.860 ; 620.893 ;308;72,48%;51,91%
Puglianello;BN;Benevento; 1.304 ; 396.220   ; -   ; 190.300 ; 586.520 ;450;67,55%;45,40%
Reino;BN;Benevento; 1.103 ; 111.263   ; -   ; 77.540 ; 188.803 ;171;58,93%;46,27%
San Bartolomeo in Galdo;BN;Benevento; 4.362 ; 1.018.570   ; 21.352,5 ; 349.620 ; 1.389.543 ;319;74,84%;55,36%
San Giorgio del Sannio;BN;Benevento; 9.727 ; 2.247.170   ; -   ; 1.003.580 ; 3.250.750 ;334;69,13%;52,37%
San Giorgio La Molara;BN;Benevento; 2.779 ; 408.980   ; -   ; 97.080 ; 506.060 ;182;80,82%;61,22%
San Leucio del Sannio;BN;Benevento; 2.934 ; 615.180   ; 2.737,5 ; 182.660 ; 800.578 ;273;77,18%;57,70%
San Lorenzello;BN;Benevento; 2.101 ; 481.714   ; -   ; 251.580 ; 733.294 ;349;65,69%;43,75%
San Lorenzo Maggiore;BN;Benevento; 1.879 ; 444.100   ; -   ; 75.510 ; 519.610 ;277;85,47%;61,27%
San Lupo;BN;Benevento; 713 ; 150.285   ; -   ; 88.140 ; 238.425 ;334;63,03%;45,36%
San Marco dei Cavoti;BN;Benevento; 2.982 ; 724.532   ; -   ; 219.340 ; 943.872 ;317;76,76%;55,43%
San Martino Sannita;BN;Benevento; 1.180 ; 291.470   ; 30.386,3 ; 117.490 ; 439.346 ;372;73,26%;57,74%
San Nazzaro;BN;Benevento; 840 ; 166.850   ; 27.375,0 ; 75.955 ; 270.180 ;322;71,89%;51,26%
San Nicola Manfredi;BN;Benevento; 3.482 ; 869.195   ; 56.940,0 ; 292.795 ; 1.218.930 ;350;75,98%;58,17%
San Salvatore Telesino;BN;Benevento; 3.854 ; 1.352.929   ; 57.487,5 ; 464.240 ; 1.874.657 ;486;75,24%;56,78%
Santa Croce del Sannio;BN;Benevento; 869 ; 225.282   ; 19.162,5 ; 106.600 ; 351.045 ;404;69,63%;47,79%
Sant'Agata de' Goti;BN;Benevento; 10.282 ; 2.129.708   ; 207.228,8 ; 1.309.020 ; 3.645.957 ;355;64,10%;42,33%
Sant'Angelo a Cupolo;BN;Benevento; 4.068 ; 858.950   ; 18.341,3 ; 250.380 ; 1.127.671 ;277;77,80%;56,27%
Sassinoro;BN;Benevento; 647 ; 122.160   ; 21.078,8 ; 42.000 ; 185.239 ;286;77,33%;59,99%
Solopaca;BN;Benevento; 3.447 ; 883.930   ; -   ; 392.840 ; 1.276.770 ;370;69,23%;50,81%
Telese Terme;BN;Benevento; 7.613 ; 2.670.549   ; 51.465,0 ; 1.224.240 ; 3.946.254 ;518;68,98%;51,58%
Tocco Caudio;BN;Benevento; 1.435 ; 279.990   ; -   ; 96.640 ; 376.630 ;262;74,34%;50,89%
Torrecuso;BN;Benevento; 3.237 ; 644.320   ; 54.750,0 ; 327.780 ; 1.026.850 ;317;68,08%;48,76%
Vitulano;BN;Benevento; 2.732 ; 670.200   ; 38.051,3 ; 206.900 ; 915.151 ;335;77,39%;52,98%
Sant'Arcangelo Trimonte;BN;Benevento; 476 ; 72.730   ; -   ; 28.320 ; 101.050 ;212;71,97%;48,46%
Rotondi;AV;Benevento; 3.364 ; 1.077.157   ; -   ; 379.440 ; 1.456.597 ;433;73,95%;54,63%
Ailano;CE;Caserta; 1.198 ; 252.720   ; -   ; 98.760 ; 351.480 ;293;71,90%;53,17%
Alife;CE;Caserta; 7.376 ; 1.349.398   ; -   ; 1.242.250 ; 2.591.648 ;351;52,07%;39,33%
Alvignano;CE;Caserta; 4.507 ; 834.140   ; 175.473,8 ; 581.420 ; 1.591.034 ;353;63,46%;47,13%
Arienzo;CE;Caserta; 5.307 ; 1.626.148   ; -   ; 346.280 ; 1.972.428 ;372;82,44%;61,80%
Aversa;CE;Caserta; 49.612 ; 12.078.988   ; 15.056,3 ; 13.924.560 ; 26.018.604 ;524;46,48%;35,80%
Baia e Latina;CE;Caserta; - ; NC ; NC ; NC ; NC ; NC ; NC ; NC 
Bellona;CE;Caserta; - ; NC ; NC ; NC ; NC ; NC ; NC ; NC 
Caianello;CE;Caserta; 1.752 ; 506.130   ; 58.856,3 ; 351.000 ; 915.986 ;523;61,68%;44,18%
Caiazzo;CE;Caserta; 5.205 ; 1.299.463   ; -   ; 348.021 ; 1.647.484 ;317;78,88%;57,53%
Calvi Risorta;CE;Caserta; 5.469 ; 1.343.440   ; -   ; 1.108.360 ; 2.451.800 ;448;54,79%;43,06%
Camigliano;CE;Caserta; 1.993 ; 427.479   ; -   ; 274.700 ; 702.179 ;352;60,88%;43,71%
Cancello ed Arnone;CE;Caserta; - ; NC ; NC ; NC ; NC ; NC ; NC ; NC 
Capodrise;CE;Caserta; 10.007 ; 3.214.555   ; 3.285,0 ; 1.108.100 ; 4.325.940 ;432;74,38%;56,80%
Capriati a Volturno;CE;Caserta; 1.440 ; 263.465   ; -   ; 141.080 ; 404.545 ;281;65,13%;48,63%
Capua;CE;Caserta; 17.609 ; 4.182.950   ; 10.950,0 ; 4.738.340 ; 8.932.240 ;507;46,95%;35,01%
Carinaro;CE;Caserta; 7.094 ; 2.301.497   ; -   ; 1.379.440 ; 3.680.937 ;519;62,52%;47,98%
Carinola;CE;Caserta; 7.154 ; 1.272.210   ; -   ; 1.659.280 ; 2.931.490 ;410;43,40%;33,41%
Casagiove;CE;Caserta; 13.013 ; 3.724.585   ; -   ; 2.042.530 ; 5.767.115 ;443;64,58%;50,28%
Casal di Principe;CE;Caserta; - ; NC ; NC ; NC ; NC ; NC ; NC ; NC 
Casaluce;CE;Caserta; 9.587 ; 2.406.627   ; -   ; 1.712.280 ; 4.118.907 ;430;58,43%;44,22%
Casapulla;CE;Caserta; 8.253 ; 2.124.339   ; -   ; 1.152.680 ; 3.277.019 ;397;64,83%;49,50%
Caserta;CE;Caserta; 72.805 ; 20.094.421   ; 177.937,5 ; 17.127.542 ; 37.399.901 ;514;54,20%;41,34%
Castel Campagnano;CE;Caserta; 1.458 ; 457.285   ; -   ; 217.040 ; 674.325 ;463;67,81%;46,57%
Castel di Sasso;CE;Caserta; 1.051 ; 97.720   ; 128.936,3 ; 121.880 ; 348.536 ;332;65,03%;50,07%
Castello del Matese;CE;Caserta; 1.398 ; 304.935   ; -   ; 103.702 ; 408.637 ;292;74,62%;48,08%
Castel Morrone;CE;Caserta; 3.587 ; 839.210   ; -   ; 518.362 ; 1.357.572 ;378;61,82%;45,08%
Castel Volturno;CE;Caserta; 28.436 ; 6.734.758   ; -   ; 15.685.020 ; 22.419.778 ;788;30,04%;23,67%
Cervino;CE;Caserta; 4.740 ; 1.520.944   ; -   ; 321.380 ; 1.842.324 ;389;82,56%;62,26%
Cesa;CE;Caserta; 9.571 ; 2.236.950   ; 1.095,0 ; 1.398.260 ; 3.636.305 ;380;61,55%;46,39%
Ciorlano;CE;Caserta; 370 ; 22.960   ; -   ; 103.860 ; 126.820 ;343;18,10%;14,27%
Conca della Campania;CE;Caserta; 1.154 ; 305.290   ; -   ; 77.460 ; 382.750 ;332;79,76%;60,79%
Curti;CE;Caserta; 6.694 ; 1.801.159   ; -   ; 1.520.160 ; 3.321.319 ;496;54,23%;42,32%
Dragoni;CE;Caserta; 1.973 ; 406.890   ; -   ; 356.060 ; 762.950 ;387;53,33%;32,44%
Fontegreca;CE;Caserta; - ; NC ; NC ; NC ; NC ; NC ; NC ; NC 
Formicola;CE;Caserta; 1.367 ; 307.130   ; 4.380,0 ; 278.360 ; 589.870 ;432;52,81%;35,70%
Francolise;CE;Caserta; 4.640 ; 1.184.969   ; -   ; 949.000 ; 2.133.969 ;460;55,53%;44,04%
Frignano;CE;Caserta; 8.944 ; 1.452.470   ; -   ; 2.819.720 ; 4.272.190 ;478;34,00%;26,29%
Gallo Matese;CE;Caserta; 479 ; 39.032   ; -   ; 88.900 ; 127.932 ;267;30,51%;23,52%
Galluccio;CE;Caserta; 2.036 ; 605.085   ; 19.162,5 ; 159.400 ; 783.648 ;385;79,66%;60,68%
Giano Vetusto;CE;Caserta; - ; NC ; NC ; NC ; NC ; NC ; NC ; NC 
Gioia Sannitica;CE;Caserta; - ; NC ; NC ; NC ; NC ; NC ; NC ; NC 
Grazzanise;CE;Caserta; 6.723 ; 2.175.290   ; -   ; 959.720 ; 3.135.010 ;466;69,39%;52,26%
Gricignano di Aversa;CE;Caserta; 12.690 ; 2.409.966   ; -   ; 3.999.700 ; 6.409.666 ;505;37,60%;28,04%
Letino;CE;Caserta; 631 ; 143.912   ; -   ; 36.340 ; 180.252 ;286;79,84%;56,98%
Liberi;CE;Caserta; 1.083 ; 197.535   ; -   ; 135.600 ; 333.135 ;308;59,30%;37,95%
Lusciano;CE;Caserta; 16.040 ; 4.592.900   ; -   ; 2.290.780 ; 6.883.680 ;429;66,72%;51,55%
Macerata Campania;CE;Caserta; 10.057 ; 2.275.028   ; -   ; 1.817.480 ; 4.092.508 ;407;55,59%;41,75%
Maddaloni;CE;Caserta; 36.834 ; 4.947.975   ; 15.330,0 ; 12.599.160 ; 17.562.465 ;477;28,26%;20,88%
Marcianise;CE;Caserta; 38.335 ; 19.108.685   ; -   ; 3.157.180 ; 22.265.865 ;581;85,82%;62,38%
Marzano Appio;CE;Caserta; 1.974 ; 343.160   ; -   ; 368.200 ; 711.360 ;360;48,24%;36,15%
Mignano Monte Lungo;CE;Caserta; 3.004 ; 768.670   ; 60.225,0 ; 137.900 ; 966.795 ;322;85,74%;63,93%
Mondragone;CE;Caserta; 28.622 ; 6.672.260   ; -   ; 8.352.120 ; 15.024.380 ;525;44,41%;35,51%
Orta di Atella;CE;Caserta; 27.203 ; 3.438.656   ; -   ; 5.908.400 ; 9.347.056 ;344;36,79%;27,55%
Parete;CE;Caserta; 12.354 ; 3.759.878   ; -   ; 1.537.520 ; 5.297.398 ;429;70,98%;54,69%
Pastorano;CE;Caserta; 2.884 ; 1.191.475   ; -   ; 620.020 ; 1.811.495 ;628;65,77%;51,76%
Piana di Monte Verna;CE;Caserta; 2.066 ; 440.850   ; 49.275,0 ; 279.400 ; 769.525 ;372;63,69%;48,33%
Piedimonte Matese;CE;Caserta; 10.158 ; 2.522.972   ; -   ; 1.401.060 ; 3.924.032 ;386;64,30%;48,94%
Pietramelara;CE;Caserta; 4.495 ; 1.293.145   ; -   ; 539.450 ; 1.832.595 ;408;70,56%;53,85%
Pietravairano;CE;Caserta; 2.830 ; 563.493   ; -   ; 318.740 ; 882.233 ;312;63,87%;46,75%
Pignataro Maggiore;CE;Caserta; 5.733 ; 1.510.230   ; -   ; 979.400 ; 2.489.630 ;434;60,66%;46,11%
Pontelatone;CE;Caserta; 1.525 ; 388.666   ; -   ; 289.780 ; 678.446 ;445;57,29%;37,71%
Portico di Caserta;CE;Caserta; 7.732 ; 1.445.109   ; -   ; 1.782.320 ; 3.227.429 ;417;44,78%;34,71%
Prata Sannita;CE;Caserta; 1.362 ; 288.805   ; 27.375,0 ; 64.580 ; 380.760 ;280;83,04%;54,34%
Pratella;CE;Caserta; 1.408 ; 123.353   ; -   ; 384.340 ; 507.693 ;361;24,30%;16,38%
Presenzano;CE;Caserta; 1.619 ; 431.115   ; 27.375,0 ; 315.620 ; 774.110 ;478;59,23%;41,54%
Raviscanina;CE;Caserta; - ; NC ; NC ; NC ; NC ; NC ; NC ; NC 
Recale;CE;Caserta; 7.618 ; 2.116.268   ; -   ; 774.740 ; 2.891.008 ;379;73,20%;55,65%
Riardo;CE;Caserta; 2.238 ; 666.990   ; -   ; 298.560 ; 965.550 ;431;69,08%;46,95%
Rocca d'Evandro;CE;Caserta; 3.023 ; 703.135   ; -   ; 224.420 ; 927.555 ;307;75,81%;54,15%
Roccamonfina;CE;Caserta; 3.174 ; 887.855   ; -   ; 418.910 ; 1.306.765 ;412;67,94%;49,94%
Roccaromana;CE;Caserta; 819 ; 146.418   ; -   ; 144.340 ; 290.758 ;355;50,36%;27,52%
Rocchetta e Croce;CE;Caserta; 447 ; 71.855   ; 32.850,0 ; 33.730 ; 138.435 ;310;75,63%;59,07%
Ruviano;CE;Caserta; 1.705 ; 271.186   ; 248.838,8 ; 194.820 ; 714.845 ;419;72,75%;56,63%
San Cipriano d'Aversa;CE;Caserta; 13.136 ; 4.249.130   ; -   ; 1.709.340 ; 5.958.470 ;454;71,31%;54,52%
San Felice a Cancello;CE;Caserta; 16.842 ; 4.143.320   ; -   ; 2.407.510 ; 6.550.830 ;389;63,25%;48,95%
San Gregorio Matese;CE;Caserta; 872 ; 180.695   ; -   ; 111.600 ; 292.295 ;335;61,82%;45,26%
San Marcellino;CE;Caserta; 14.717 ; 3.601.720   ; -   ; 2.740.980 ; 6.342.700 ;431;56,79%;41,97%
San Nicola la Strada;CE;Caserta; - ; NC ; NC ; NC ; NC ; NC ; NC ; NC 
San Pietro Infine;CE;Caserta; 838 ; 204.920   ; -   ; 71.520 ; 276.440 ;330;74,13%;52,83%
San Potito Sannitico;CE;Caserta; 1.965 ; 345.097   ; -   ; 218.780 ; 563.877 ;287;61,20%;44,77%
San Prisco;CE;Caserta; 12.110 ; 2.450.629   ; -   ; 2.382.720 ; 4.833.349 ;399;50,70%;39,46%
Santa Maria a Vico;CE;Caserta; 14.277 ; 4.553.652   ; -   ; 725.420 ; 5.279.072 ;370;86,26%;64,37%
Santa Maria Capua Vetere;CE;Caserta; 31.906 ; 7.566.544   ; 20.531,3 ; 7.571.360 ; 15.158.435 ;475;50,05%;38,62%
Santa Maria la Fossa;CE;Caserta; 2.565 ; 644.900   ; -   ; 429.320 ; 1.074.220 ;419;60,03%;44,98%
San Tammaro;CE;Caserta; 5.717 ; 1.372.580   ; -   ; 1.188.780 ; 2.561.360 ;448;53,59%;40,74%
Sant'Angelo d'Alife;CE;Caserta; 2.065 ; 508.457   ; 8.212,5 ; 153.500 ; 670.170 ;325;77,10%;55,71%
Sant'Arpino;CE;Caserta; 14.986 ; 3.219.464   ; -   ; 2.479.420 ; 5.698.884 ;380;56,49%;42,54%
Sessa Aurunca;CE;Caserta; 20.209 ; 4.672.746   ; -   ; 5.561.120 ; 10.233.866 ;506;45,66%;33,69%
Sparanise;CE;Caserta; 7.199 ; 2.296.418   ; -   ; 634.700 ; 2.931.118 ;407;78,35%;59,22%
Succivo;CE;Caserta; 8.722 ; 2.377.172   ; -   ; 1.330.480 ; 3.707.652 ;425;64,12%;49,77%
Teano;CE;Caserta; 11.289 ; 1.687.710   ; 199.290,0 ; 1.866.600 ; 3.753.600 ;333;50,27%;38,35%
Teverola;CE;Caserta; - ; NC ; NC ; NC ; NC ; NC ; NC ; NC 
Tora e Piccilli;CE;Caserta; - ; NC ; NC ; NC ; NC ; NC ; NC ; NC 
Trentola-Ducenta;CE;Caserta; - ; NC ; NC ; NC ; NC ; NC ; NC ; NC 
Vairano Patenora;CE;Caserta; 6.327 ; 2.060.350   ; 15.877,5 ; 889.280 ; 2.965.508 ;469;70,01%;53,22%
Valle Agricola;CE;Caserta; 751 ; 149.246   ; -   ; 79.340 ; 228.586 ;304;65,29%;49,22%
Valle di Maddaloni;CE;Caserta; 2.638 ; 656.780   ; -   ; 437.440 ; 1.094.220 ;415;60,02%;45,29%
Villa di Briano;CE;Caserta; 7.338 ; 1.997.590   ; -   ; 1.685.650 ; 3.683.240 ;502;54,23%;40,76%
Villa Literno;CE;Caserta; 12.437 ; 3.153.410   ; -   ; 4.325.380 ; 7.478.790 ;601;42,16%;33,09%
Vitulazio;CE;Caserta; 7.646 ; 1.749.200   ; -   ; 1.417.900 ; 3.167.100 ;414;55,23%;42,06%
Falciano del Massico;CE;Caserta; 3.363 ; 897.225   ; -   ; 555.720 ; 1.452.945 ;432;61,75%;47,60%
Cellole;CE;Caserta; 8.133 ; 3.666.040   ; -   ; 3.034.700 ; 6.700.740 ;824;54,71%;43,95%
Casapesenna;CE;Caserta; 6.883 ; 1.729.030   ; -   ; 2.320.776 ; 4.049.806 ;588;42,69%;33,51%
San Marco Evangelista;CE;Caserta; 6.419 ; 2.132.407   ; -   ; 1.103.880 ; 3.236.287 ;504;65,89%;49,53%
Acerra;NA;NA 1; 58.322 ; 17.815.228   ; -   ; 7.261.200 ; 25.076.428 ;430;71,04%;54,58%
Afragola;NA;NA 1; 61.712 ; 7.751.830   ; -   ; 20.405.120 ; 28.156.950 ;456;27,53%;21,79%
Caivano;NA;NA 1; 35.874 ; 6.190.260   ; -   ; 12.302.560 ; 18.492.820 ;515;33,47%;26,69%
Cardito;NA;NA 1; - ; NC ; NC ; NC ; NC ; NC ; NC ; NC 
Casalnuovo di Napoli;NA;NA 1; 46.992 ; 10.363.873   ; -   ; 10.438.000 ; 20.801.873 ;443;49,82%;38,79%
Casoria;NA;NA 1; 74.021 ; 17.237.337   ; -   ; 17.647.700 ; 34.885.037 ;471;49,41%;38,47%
Crispano;NA;NA 1; 11.724 ; 2.320.950   ; -   ; 2.675.050 ; 4.996.000 ;426;46,46%;35,39%
Frattaminore;NA;NA 1; 15.354 ; 3.341.516   ; -   ; 2.845.586 ; 6.187.102 ;403;54,01%;41,87%
Napoli;NA;NA 1; 913.462 ; 209.488.409   ; 52.833,8 ; 308.917.445 ; 518.458.688 ;568;40,42%;30,20%
Arzano;NA;NA 2; 31.977 ; 5.100.226   ; -   ; 8.720.908 ; 13.821.134 ;432;36,90%;28,12%
Bacoli;NA;NA 2; 25.230 ; 11.980.782   ; 110.047,5 ; 2.213.220 ; 14.304.050 ;567;84,53%;59,53%
Barano d'Ischia;NA;NA 2; 9.971 ; 2.160.540   ; -   ; 2.655.740 ; 4.816.280 ;483;44,86%;34,94%
Calvizzano;NA;NA 2; 12.391 ; 1.839.280   ; -   ; 3.323.040 ; 5.162.320 ;417;35,63%;28,05%
Casamicciola Terme;NA;NA 2; 7.614 ; 1.513.660   ; -   ; 2.763.160 ; 4.276.820 ;562;35,39%;28,33%
Casandrino;NA;NA 2; 13.234 ; 3.357.332   ; -   ; 2.280.960 ; 5.638.292 ;426;59,55%;44,66%
Casavatore;NA;NA 2; 18.209 ; 3.613.864   ; -   ; 4.203.160 ; 7.817.024 ;429;46,23%;35,48%
Forio;NA;NA 2; 17.437 ; 6.892.989   ; -   ; 5.586.000 ; 12.478.989 ;716;55,24%;43,76%
Frattamaggiore;NA;NA 2; 28.492 ; 7.868.204   ; -   ; 6.985.270 ; 14.853.474 ;521;52,97%;40,73%
Giugliano in Campania;NA;NA 2; 123.679 ; 33.117.616   ; 41.062,5 ; 26.997.250 ; 60.155.929 ;486;55,12%;42,78%
Grumo Nevano;NA;NA 2; 17.145 ; 4.399.830   ; -   ; 2.954.080 ; 7.353.910 ;429;59,83%;46,35%
Ischia;NA;NA 2; 19.598 ; 7.003.789   ; -   ; 7.310.760 ; 14.314.549 ;730;48,93%;39,25%
Lacco Ameno;NA;NA 2; 4.561 ; 1.280.160   ; -   ; 1.822.340 ; 3.102.500 ;680;41,26%;33,26%
Marano di Napoli;NA;NA 2; 57.777 ; 9.243.675   ; -   ; 14.559.720 ; 23.803.395 ;412;38,83%;29,55%
Melito di Napoli;NA;NA 2; 36.269 ; 2.706.180   ; -   ; 12.645.140 ; 15.351.320 ;423;17,63%;12,88%
Monte di Procida;NA;NA 2; 11.845 ; 4.174.450   ; -   ; 1.136.000 ; 5.310.450 ;448;78,61%;60,67%
Mugnano di Napoli;NA;NA 2; 34.607 ; 7.719.148   ; -   ; 7.006.380 ; 14.725.528 ;426;52,42%;40,56%
Pozzuoli;NA;NA 2; 76.331 ; 30.039.092   ; -   ; 13.450.920 ; 43.490.012 ;570;69,07%;53,00%
Procida;NA;NA 2; 10.092 ; 5.072.109   ; -   ; 1.931.020 ; 7.003.129 ;694;72,43%;57,66%
Qualiano;NA;NA 2; 24.501 ; 4.672.622   ; -   ; 5.421.320 ; 10.093.942 ;412;46,29%;35,85%
Quarto;NA;NA 2; 41.228 ; 9.341.253   ; -   ; 7.955.740 ; 17.296.993 ;420;54,01%;41,04%
Sant'Antimo;NA;NA 2; 32.309 ; 10.205.808   ; -   ; 7.111.480 ; 17.317.288 ;536;58,93%;45,72%
Serrara Fontana;NA;NA 2; 3.066 ; 642.015   ; -   ; 1.217.040 ; 1.859.055 ;606;34,53%;27,21%
Villaricca;NA;NA 2; - ; NC ; NC ; NC ; NC ; NC ; NC ; NC 
Agerola;NA;NA 3; 7.711 ; 2.245.210   ; 120.997,5 ; 1.005.840 ; 3.372.048 ;437;70,17%;54,79%
Anacapri;NA;NA 3; 6.835 ; 3.055.759   ; 125.925,0 ; 1.157.940 ; 4.339.624 ;635;73,32%;56,16%
Boscoreale;NA;NA 3; 25.939 ; 5.843.598   ; -   ; 5.364.900 ; 11.208.498 ;432;52,14%;40,80%
Boscotrecase;NA;NA 3; 9.795 ; 3.062.876   ; -   ; 1.348.900 ; 4.411.776 ;450;69,43%;53,79%
Brusciano;NA;NA 3; 15.877 ; 4.097.452   ; -   ; 2.498.320 ; 6.595.772 ;415;62,12%;47,01%
Camposano;NA;NA 3; 5.048 ; 1.874.183   ; -   ; 525.420 ; 2.399.603 ;475;78,10%;60,46%
Capri;NA;NA 3; - ; NC ; NC ; NC ; NC ; NC ; NC ; NC 
Carbonara di Nola;NA;NA 3; 2.459 ; 652.479   ; 2.737,5 ; 418.740 ; 1.073.957 ;437;61,01%;48,09%
Casamarciano;NA;NA 3; - ; NC ; NC ; NC ; NC ; NC ; NC ; NC 
Casola di Napoli;NA;NA 3; 3.652 ; 1.024.356   ; -   ; 296.940 ; 1.321.296 ;362;77,53%;60,73%
Castellammare di Stabia;NA;NA 3; 62.772 ; 15.350.574   ; 821,3 ; 16.434.960 ; 31.786.355 ;506;48,30%;38,25%
Castello di Cisterna;NA;NA 3; 7.758 ; 3.125.960   ; 6.843,8 ; 937.860 ; 4.070.664 ;525;76,96%;54,78%
Cercola;NA;NA 3; 16.954 ; 4.004.830   ; -   ; 4.082.840 ; 8.087.670 ;477;49,52%;34,85%
Cicciano;NA;NA 3; 12.263 ; 3.630.164   ; -   ; 917.000 ; 4.547.164 ;371;79,83%;58,83%
Cimitile;NA;NA 3; 6.885 ; 2.706.070   ; -   ; 178.940 ; 2.885.010 ;419;93,80%;72,91%
Comiziano;NA;NA 3; 1.704 ; 410.230   ; -   ; 408.980 ; 819.210 ;481;50,08%;37,33%
Gragnano;NA;NA 3; 27.960 ; 7.310.623   ; -   ; 4.289.360 ; 11.599.983 ;415;63,02%;48,15%
Lettere;NA;NA 3; 6.031 ; 1.647.790   ; -   ; 748.480 ; 2.396.270 ;397;68,76%;53,13%
Liveri;NA;NA 3; - ; NC ; NC ; NC ; NC ; NC ; NC ; NC 
Mariglianella;NA;NA 3; - ; NC ; NC ; NC ; NC ; NC ; NC ; NC 
Marigliano;NA;NA 3; 29.067 ; 5.815.400   ; 100.192,5 ; 6.935.970 ; 12.851.563 ;442;46,03%;36,24%
Massa Lubrense;NA;NA 3; 14.141 ; 5.545.783   ; 191.625,0 ; 1.683.220 ; 7.420.628 ;525;77,32%;60,67%
Meta;NA;NA 3; 7.770 ; 2.008.465   ; -   ; 1.741.320 ; 3.749.785 ;483;53,56%;41,49%
Nola;NA;NA 3; 33.629 ; 10.115.098   ; -   ; 5.951.080 ; 16.066.178 ;478;62,96%;46,88%
Ottaviano;NA;NA 3; 23.115 ; 9.414.570   ; -   ; 785.220 ; 10.199.790 ;441;92,30%;67,09%
Palma Campania;NA;NA 3; 16.221 ; 5.566.162   ; -   ; 1.521.900 ; 7.088.062 ;437;78,53%;57,94%
Piano di Sorrento;NA;NA 3; 12.355 ; 4.201.333   ; 41.062,5 ; 2.187.300 ; 6.429.696 ;520;65,98%;48,84%
Pimonte;NA;NA 3; 5.860 ; 1.424.110   ; -   ; 642.460 ; 2.066.570 ;353;68,91%;54,52%
Poggiomarino;NA;NA 3; 22.216 ; 6.781.104   ; -   ; 2.684.440 ; 9.465.544 ;426;71,64%;53,54%
Pollena Trocchia;NA;NA 3; 12.750 ; 3.555.457   ; -   ; 2.061.180 ; 5.616.637 ;441;63,30%;46,43%
Pomigliano d'Arco;NA;NA 3; 39.705 ; 12.419.480   ; -   ; 5.974.280 ; 18.393.760 ;463;67,52%;52,22%
Pompei;NA;NA 3; 23.910 ; 10.305.153   ; -   ; 7.322.180 ; 17.627.333 ;737;58,46%;41,28%
Portici;NA;NA 3; 52.054 ; 13.603.468   ; -   ; 9.794.440 ; 23.397.908 ;449;58,14%;46,97%
Ercolano;NA;NA 3; 50.124 ; 10.192.425   ; -   ; 11.423.020 ; 21.615.445 ;431;47,15%;36,70%
Roccarainola;NA;NA 3; 6.564 ; 1.454.140   ; -   ; 529.180 ; 1.983.320 ;302;73,32%;53,79%
San Gennaro Vesuviano;NA;NA 3; 12.003 ; 3.703.358   ; -   ; 1.340.960 ; 5.044.318 ;420;73,42%;53,95%
San Giorgio a Cremano;NA;NA 3; 42.485 ; 7.513.125   ; -   ; 7.260.860 ; 14.773.985 ;348;50,85%;38,96%
San Giuseppe Vesuviano;NA;NA 3; 30.120 ; 7.780.221   ; -   ; 5.205.116 ; 12.985.337 ;431;59,92%;45,10%
San Paolo Bel Sito;NA;NA 3; 3.378 ; 1.063.251   ; -   ; 502.720 ; 1.565.971 ;464;67,90%;49,57%
San Sebastiano al Vesuvio;NA;NA 3; 8.664 ; 2.621.455   ; -   ; 1.697.820 ; 4.319.275 ;499;60,69%;47,98%
Sant'Agnello;NA;NA 3; 8.640 ; 3.203.439   ; -   ; 1.498.880 ; 4.702.319 ;544;68,12%;51,99%
Sant'Anastasia;NA;NA 3; 26.170 ; 9.360.093   ; -   ; 3.448.800 ; 12.808.893 ;489;73,07%;51,42%
Sant'Antonio Abate;NA;NA 3; 19.065 ; 7.224.717   ; 13.687,5 ; 1.631.120 ; 8.869.525 ;465;81,61%;61,53%
San Vitaliano;NA;NA 3; 6.534 ; 2.567.459   ; -   ; 645.480 ; 3.212.939 ;492;79,91%;51,31%
Saviano;NA;NA 3; 15.810 ; 4.020.960   ; -   ; 2.218.600 ; 6.239.560 ;395;64,44%;46,26%
Scisciano;NA;NA 3; 6.174 ; 1.523.958   ; -   ; 774.600 ; 2.298.558 ;372;66,30%;49,09%
Somma Vesuviana;NA;NA 3; 33.697 ; 9.974.485   ; -   ; 6.536.320 ; 16.510.805 ;490;60,41%;46,83%
Sorrento;NA;NA 3; 15.407 ; 9.809.214   ; 87.600,0 ; 4.365.440 ; 14.262.254 ;926;69,39%;52,90%
Striano;NA;NA 3; 8.860 ; 2.998.356   ; -   ; 987.360 ; 3.985.716 ;450;75,23%;59,44%
Terzigno;NA;NA 3; 17.211 ; 6.766.757   ; -   ; 2.230.660 ; 8.997.417 ;523;75,21%;58,23%
Torre Annunziata;NA;NA 3; 40.153 ; 9.289.779   ; -   ; 7.640.854 ; 16.930.633 ;422;54,87%;42,98%
Torre del Greco;NA;NA 3; 80.508 ; 9.001.033   ; 64.057,5 ; 24.652.950 ; 33.718.041 ;419;26,88%;18,91%
Tufino;NA;NA 3; 3.384 ; 1.028.590   ; -   ; 249.960 ; 1.278.550 ;378;80,45%;55,08%
Vico Equense;NA;NA 3; 20.254 ; 7.278.291   ; -   ; 2.080.040 ; 9.358.331 ;462;77,77%;59,56%
Visciano;NA;NA 3; 4.150 ; 1.290.770   ; -   ; 303.020 ; 1.593.790 ;384;80,99%;62,07%
Volla;NA;NA 3; 25.531 ; 7.053.905   ; -   ; 4.329.420 ; 11.383.325 ;446;61,97%;48,47%
Santa Maria la CaritÃ ;NA;NA 3; 11.682 ; 3.852.380   ; -   ; 1.412.070 ; 5.264.450 ;451;73,18%;49,70%
Trecase;NA;NA 3; 8.533 ; 1.779.950   ; -   ; 2.391.820 ; 4.171.770 ;489;42,67%;32,67%
Massa di Somma;NA;NA 3; 4.991 ; 1.748.420   ; -   ; 247.160 ; 1.995.580 ;400;87,61%;65,88%
Calabritto;AV;Salerno; 2.148 ; 464.920   ; -   ; 87.100 ; 552.020 ;257;84,22%;54,46%
Caposele;AV;Salerno; 3.245 ; 472.320   ; -   ; 502.640 ; 974.960 ;300;48,45%;35,99%
Senerchia;AV;Salerno; - ; NC ; NC ; NC ; NC ; NC ; NC ; NC 
Acerno;SA;Salerno; 2.541 ; 780.700   ; -   ; 293.060 ; 1.073.760 ;423;72,71%;54,45%
Agropoli;SA;Salerno; 21.262 ; 6.146.887   ; -   ; 4.678.900 ; 10.825.787 ;509;56,78%;43,42%
Albanella;SA;Salerno; 6.227 ; 1.252.032   ; -   ; 470.210 ; 1.722.242 ;277;72,70%;49,91%
Alfano;SA;Salerno; 953 ; 155.837   ; -   ; 71.160 ; 226.997 ;238;68,65%;48,84%
Altavilla Silentina;SA;Salerno; 6.939 ; 1.601.835   ; -   ; 487.960 ; 2.089.795 ;301;76,65%;55,88%
Amalfi;SA;Salerno; 4.729 ; 2.460.800   ; -   ; 1.335.300 ; 3.796.100 ;803;64,82%;43,48%
Angri;SA;Salerno; 33.972 ; 8.107.830   ; -   ; 8.697.712 ; 16.805.542 ;495;48,24%;37,22%
Aquara;SA;Salerno; 1.342 ; 275.470   ; -   ; 94.960 ; 370.430 ;276;74,36%;49,87%
Ascea;SA;Salerno; 5.750 ; 2.348.570   ; 57.487,5 ; 1.146.620 ; 3.552.678 ;618;67,73%;51,84%
Atena Lucana;SA;Salerno; - ; NC ; NC ; NC ; NC ; NC ; NC ; NC 
Atrani;SA;Salerno; - ; NC ; NC ; NC ; NC ; NC ; NC ; NC 
Auletta;SA;Salerno; 2.124 ; 351.270   ; 56.392,5 ; 175.060 ; 582.723 ;274;69,96%;50,68%
Baronissi;SA;Salerno; 16.805 ; 5.828.413   ; -   ; 856.660 ; 6.685.073 ;398;87,19%;65,98%
Battipaglia;SA;Salerno; 49.415 ; 13.975.748   ; -   ; 7.420.000 ; 21.395.748 ;433;65,32%;50,43%
Bellosguardo;SA;Salerno; 682 ; 185.080   ; -   ; 51.420 ; 236.500 ;347;78,26%;57,01%
Bracigliano;SA;Salerno; 5.322 ; 1.242.916   ; 20.531,3 ; 401.240 ; 1.664.687 ;313;75,90%;56,92%
Buccino;SA;Salerno; - ; NC ; NC ; NC ; NC ; NC ; NC ; NC 
Buonabitacolo;SA;Salerno; 2.395 ; 483.980   ; -   ; 241.680 ; 725.660 ;303;66,70%;47,50%
Caggiano;SA;Salerno; 2.523 ; 335.470   ; 251.028,8 ; 229.460 ; 815.959 ;323;71,88%;54,48%
Calvanico;SA;Salerno; - ; NC ; NC ; NC ; NC ; NC ; NC ; NC 
Camerota;SA;Salerno; 6.875 ; 3.615.287   ; -   ; 1.111.300 ; 4.726.587 ;688;76,49%;56,60%
Campagna;SA;Salerno; 16.668 ; 4.092.970   ; -   ; 1.378.060 ; 5.471.030 ;328;74,81%;54,07%
Campora;SA;Salerno; 311 ; 42.865   ; -   ; 47.060 ; 89.925 ;289;47,67%;32,11%
Cannalonga;SA;Salerno; 951 ; 180.170   ; -   ; 78.830 ; 259.000 ;272;69,56%;51,24%
Capaccio;SA;Salerno; 22.182 ; 9.490.040   ; 364.087,5 ; 4.749.028 ; 14.603.156 ;658;67,48%;52,80%
Casalbuono;SA;Salerno; 1.042 ; 178.051   ; 5.475,0 ; 53.079 ; 236.605 ;227;77,57%;56,91%
Casaletto Spartano;SA;Salerno; 1.275 ; 169.050   ; -   ; 145.220 ; 314.270 ;246;53,79%;32,26%
Casal Velino;SA;Salerno; 5.333 ; 3.290.479   ; 174.105,0 ; 821.180 ; 4.285.764 ;804;80,84%;55,70%
Caselle in Pittari;SA;Salerno; 1.866 ; 351.820   ; 27.375,0 ; 132.080 ; 511.275 ;274;74,17%;57,51%
Castelcivita;SA;Salerno; 1.441 ; 422.190   ; -   ; 239.904 ; 662.094 ;459;63,77%;44,59%
Castellabate;SA;Salerno; 8.677 ; 4.966.709   ; -   ; 1.845.680 ; 6.812.389 ;785;72,91%;55,77%
Castelnuovo Cilento;SA;Salerno; - ; NC ; NC ; NC ; NC ; NC ; NC ; NC 
Castelnuovo di Conza;SA;Salerno; 548 ; 137.420   ; -   ; 46.180 ; 183.600 ;335;74,85%;54,13%
Castel San Giorgio;SA;Salerno; 13.688 ; 4.253.107   ; -   ; 1.063.700 ; 5.316.807 ;388;79,99%;60,86%
Castel San Lorenzo;SA;Salerno; 2.205 ; 467.670   ; -   ; 99.180 ; 566.850 ;257;82,50%;59,52%
Castiglione del Genovesi;SA;Salerno; 1.308 ; 280.440   ; -   ; 120.430 ; 400.870 ;306;69,96%;53,99%
Cava de' Tirreni;SA;salerno; 50.539 ; 14.930.100   ; 109.500,0 ; 7.171.000 ; 22.210.600 ;439;67,71%;53,91%
Celle di Bulgheria;SA;Salerno; 1.733 ; 389.790   ; -   ; 169.020 ; 558.810 ;322;69,75%;53,91%
Centola;SA;Salerno; 4.983 ; 1.785.303   ; -   ; 992.000 ; 2.777.303 ;557;64,28%;47,61%
Ceraso;SA;Salerno; 2.253 ; 477.563   ; 17.520,0 ; 128.900 ; 623.983 ;277;79,34%;58,64%
Cetara;SA;Salerno; 1.967 ; 836.990   ; -   ; 195.950 ; 1.032.940 ;525;81,03%;61,08%
Cicerale;SA;Salerno; 1.185 ; 289.290   ; -   ; 112.560 ; 401.850 ;339;71,99%;47,08%
Colliano;SA;Salerno; 3.441 ; 645.020   ; -   ; 379.040 ; 1.024.060 ;298;62,99%;43,82%
Conca dei Marini;SA;Salerno; - ; NC ; NC ; NC ; NC ; NC ; NC ; NC 
Controne;SA;Salerno; 773 ; 147.607   ; -   ; 19.960 ; 167.567 ;217;88,09%;62,33%
Contursi Terme;SA;Salerno; 3.207 ; 644.210   ; -   ; 408.210 ; 1.052.420 ;328;61,21%;41,10%
Corbara;SA;Salerno; 2.507 ; 741.460   ; 13.687,5 ; 332.100 ; 1.087.248 ;434;69,45%;53,05%
Corleto Monforte;SA;Salerno; 507 ; 136.610   ; -   ; 32.840 ; 169.450 ;334;80,62%;61,59%
Cuccaro Vetere;SA;Salerno; 530 ; 44.440   ; 53.928,8 ; 43.960 ; 142.329 ;269;69,11%;50,45%
Eboli;SA;Salerno; 37.340 ; 10.595.185   ; -   ; 5.026.120 ; 15.621.305 ;418;67,83%;50,48%
Felitto;SA;Salerno; 1.144 ; 268.195   ; -   ; 25.360 ; 293.555 ;257;91,36%;60,45%
Fisciano;SA;Salerno; 14.053 ; 6.078.859   ; -   ; 1.297.180 ; 7.376.039 ;525;82,41%;64,33%
Furore;SA;Salerno; 688 ; 208.325   ; 16.972,5 ; 86.450 ; 311.748 ;453;72,27%;56,01%
Futani;SA;Salerno; 1.091 ; 171.070   ; 27.375,0 ; 88.880 ; 287.325 ;263;69,07%;53,87%
Giffoni Sei Casali;SA;Salerno; 4.967 ; 1.305.193   ; -   ; 300.340 ; 1.605.533 ;323;81,29%;59,70%
Giffoni Valle Piana;SA;Salerno; - ; NC ; NC ; NC ; NC ; NC ; NC ; NC 
Gioi;SA;Salerno; 1.106 ; 182.880   ; -   ; 173.690 ; 356.570 ;322;51,29%;36,60%
Giungano;SA;Salerno; 1.281 ; 289.144   ; -   ; 62.090 ; 351.234 ;274;82,32%;54,38%
Ispani;SA;Salerno; 970 ; 218.160   ; -   ; 189.540 ; 407.700 ;420;53,51%;42,37%
Laureana Cilento;SA;Salerno; 1.195 ; 229.752   ; -   ; 139.500 ; 369.252 ;309;62,22%;41,89%
Laurino;SA;Salerno; 1.273 ; 225.020   ; -   ; 102.660 ; 327.680 ;257;68,67%;50,91%
Laurito;SA;Salerno; 696 ; 168.140   ; 41.062,5 ; 83.260 ; 292.463 ;420;71,53%;48,37%
Laviano;SA;Salerno; 1.326 ; 339.076   ; -   ; 130.320 ; 469.396 ;354;72,24%;53,56%
Lustra;SA;Salerno; - ; NC ; NC ; NC ; NC ; NC ; NC ; NC 
Magliano Vetere;SA;Salerno; 589 ; 94.780   ; 5.475,0 ; 13.050 ; 113.305 ;192;88,48%;65,04%
Maiori;SA;Salerno; 5.359 ; 2.026.974   ; -   ; 1.155.615 ; 3.182.589 ;594;63,69%;49,73%
Mercato San Severino;SA;Salerno; 21.634 ; 6.699.698   ; -   ; 2.448.780 ; 9.148.478 ;423;73,23%;57,07%
Minori;SA;Salerno; 2.578 ; 1.048.529   ; -   ; 390.360 ; 1.438.889 ;558;72,87%;55,58%
Moio della Civitella;SA;Salerno; 1.805 ; 405.366   ; -   ; 106.680 ; 512.046 ;284;79,17%;57,44%
Montano Antilia;SA;Salerno; 1.679 ; 230.320   ; 13.687,5 ; 75.760 ; 319.768 ;190;76,31%;53,73%
Montecorice;SA;Salerno; 2.541 ; 1.158.672   ; -   ; 404.140 ; 1.562.812 ;615;74,14%;53,60%
Montecorvino Pugliano;SA;Salerno; 11.086 ; 3.231.119   ; -   ; 1.066.160 ; 4.297.279 ;388;75,19%;56,61%
Montecorvino Rovella;SA;Salerno; 12.202 ; 3.037.690   ; -   ; 1.095.240 ; 4.132.930 ;339;73,50%;53,77%
Monteforte Cilento;SA;Salerno; 539 ; 86.840   ; -   ; 27.780 ; 114.620 ;213;75,76%;55,33%
Monte San Giacomo;SA;Salerno; 1.414 ; 300.900   ; -   ; 102.720 ; 403.620 ;285;74,55%;56,99%
Montesano sulla Marcellana;SA;Salerno; 6.206 ; 1.002.012   ; 23.268,8 ; 497.330 ; 1.522.611 ;245;67,34%;52,56%
Morigerati;SA;Salerno; 608 ; 199.439   ; -   ; 31.960 ; 231.399 ;381;86,19%;61,45%
Nocera Inferiore;SA;Salerno; 44.037 ; 9.882.635   ; -   ; 9.320.974 ; 19.203.609 ;436;51,46%;38,76%
Nocera Superiore;SA;Salerno; 23.736 ; 6.761.397   ; -   ; 1.568.280 ; 8.329.677 ;351;81,17%;61,73%
Novi Velia;SA;Salerno; 2.335 ; 409.510   ; -   ; 181.500 ; 591.010 ;253;69,29%;52,65%
Ogliastro Cilento;SA;Salerno; 2.259 ; 680.617   ; 78.018,8 ; 316.000 ; 1.074.636 ;476;70,59%;52,63%
Olevano sul Tusciano;SA;Salerno; 6.536 ; 1.554.910   ; -   ; 357.920 ; 1.912.830 ;293;81,29%;60,80%
Oliveto Citra;SA;Salerno; 3.623 ; 642.970   ; -   ; 596.960 ; 1.239.930 ;342;51,86%;39,02%
Omignano;SA;Salerno; 1.647 ; 359.030   ; -   ; 185.170 ; 544.200 ;330;65,97%;49,39%
Orria;SA;Salerno; 981 ; 212.960   ; -   ; 146.280 ; 359.240 ;366;59,28%;45,20%
Ottati;SA;Salerno; 606 ; 93.055   ; -   ; 26.120 ; 119.175 ;197;78,08%;48,51%
Padula;SA;Salerno; 4.903 ; 1.138.363   ; -   ; 448.800 ; 1.587.163 ;324;71,72%;55,01%
Pagani;SA;Salerno; - ; NC ; NC ; NC ; NC ; NC ; NC ; NC 
Palomonte;SA;Salerno; 3.715 ; 366.900   ; -   ; 362.340 ; 729.240 ;196;50,31%;35,42%
Pellezzano;SA;Salerno; 10.920 ; 3.013.170   ; -   ; 777.280 ; 3.790.450 ;347;79,49%;57,96%
Perdifumo;SA;Salerno; 1.765 ; 490.458   ; -   ; 80.090 ; 570.548 ;323;85,96%;61,78%
Perito;SA;Salerno; 816 ; 266.060   ; -   ; 68.140 ; 334.200 ;410;79,61%;58,08%
Pertosa;SA;Salerno; 656 ; 108.400   ; -   ; 62.380 ; 170.780 ;260;63,47%;38,22%
Petina;SA;Salerno; 1.021 ; 138.690   ; -   ; 155.220 ; 293.910 ;288;47,19%;34,20%
Piaggine;SA;Salerno; 1.154 ; 281.920   ; 41.062,5 ; 45.820 ; 368.803 ;320;87,58%;68,36%
Pisciotta;SA;Salerno; - ; NC ; NC ; NC ; NC ; NC ; NC ; NC 
Polla;SA;Salerno; 5.102 ; 1.374.778   ; -   ; 575.500 ; 1.950.278 ;382;70,49%;54,98%
Pollica;SA;Salerno; - ; NC ; NC ; NC ; NC ; NC ; NC ; NC 
Pontecagnano Faiano;SA;Salerno; 26.078 ; 10.033.670   ; -   ; 3.112.730 ; 13.146.400 ;504;76,32%;56,52%
Positano;SA;Salerno; 3.747 ; 2.488.899   ; -   ; 2.045.280 ; 4.534.179 ;1210;54,89%;44,59%
Postiglione;SA;Salerno; 2.000 ; 300.430   ; -   ; 312.390 ; 612.820 ;306;49,02%;36,16%
Praiano;SA;Salerno; 1.982 ; 797.244   ; 56.392,5 ; 374.993 ; 1.228.629 ;620;69,48%;53,87%
Prignano Cilento;SA;Salerno; 1.103 ; 188.262   ; -   ; 118.000 ; 306.262 ;278;61,47%;41,44%
Ravello;SA;Salerno; 2.390 ; 1.255.240   ; -   ; 616.440 ; 1.871.680 ;783;67,06%;51,79%
Ricigliano;SA;Salerno; 1.054 ; 209.775   ; 54.750,0 ; 58.580 ; 323.105 ;307;81,87%;61,17%
Roccadaspide;SA;Salerno; 6.932 ; 1.504.800   ; -   ; 400.080 ; 1.904.880 ;275;79,00%;55,44%
Roccagloriosa;SA;Salerno; 1.555 ; 350.220   ; 10.950,0 ; 141.420 ; 502.590 ;323;71,86%;55,49%
Roccapiemonte;SA;Salerno; 8.706 ; 2.057.664   ; -   ; 805.070 ; 2.862.734 ;329;71,88%;54,99%
Rofrano;SA;Salerno; 1.276 ; 285.500   ; -   ; 99.960 ; 385.460 ;302;74,07%;54,98%
Romagnano al Monte;SA;Salerno; - ; NC ; NC ; NC ; NC ; NC ; NC ; NC 
Roscigno;SA;Salerno; 625 ; 153.326   ; 19.162,5 ; 32.020 ; 204.509 ;327;84,34%;63,86%
Rutino;SA;Salerno; 768 ; 238.988   ; -   ; 83.830 ; 322.818 ;420;74,03%;51,87%
Sacco;SA;Salerno; 439 ; 97.270   ; 13.687,5 ; 36.080 ; 147.038 ;335;75,46%;58,88%
Sala Consilina;SA;Salerno; - ; NC ; NC ; NC ; NC ; NC ; NC ; NC 
Salento;SA;Salerno; 1.770 ; 304.616   ; -   ; 118.100 ; 422.716 ;239;72,06%;54,07%
Salerno;SA;Salerno; 127.186 ; 37.802.880   ; 1.095,0 ; 20.423.720 ; 58.227.695 ;458;64,92%;50,53%
Salvitelle;SA;Salerno; 484 ; 50.210   ; -   ; 74.900 ; 125.110 ;258;40,13%;32,79%
San Cipriano Picentino;SA;Salerno; 6.529 ; 1.772.855   ; -   ; 899.020 ; 2.671.875 ;409;66,35%;51,92%
San Giovanni a Piro;SA;Salerno; 3.599 ; 1.231.056   ; -   ; 437.260 ; 1.668.316 ;464;73,79%;54,89%
San Gregorio Magno;SA;Salerno; 3.954 ; 756.530   ; 136.875,0 ; 83.720 ; 977.125 ;247;91,43%;64,92%
San Mango Piemonte;SA;Salerno; 2.598 ; 645.007   ; -   ; 275.800 ; 920.807 ;354;70,05%;54,90%
San Marzano sul Sarno;SA;Salerno; 10.244 ; 3.161.064   ; 3.011,3 ; 1.092.180 ; 4.256.255 ;415;74,34%;55,63%
San Mauro Cilento;SA;Salerno; - ; NC ; NC ; NC ; NC ; NC ; NC ; NC 
San Mauro la Bruca;SA;Salerno; 543 ; 58.502   ; 53.655,0 ; 43.600 ; 155.757 ;287;72,01%;53,02%
San Pietro al Tanagro;SA;Salerno; - ; NC ; NC ; NC ; NC ; NC ; NC ; NC 
San Rufo;SA;Salerno; 1.608 ; 241.458   ; -   ; 114.420 ; 355.878 ;221;67,85%;50,03%
Santa Marina;SA;Salerno; 3.228 ; 789.520   ; -   ; 554.180 ; 1.343.700 ;416;58,76%;46,47%
Sant'Angelo a Fasanella;SA;Salerno; 500 ; 100.110   ; -   ; 41.980 ; 142.090 ;284;70,46%;52,30%
Sant'Arsenio;SA;Salerno; 2.655 ; 666.130   ; -   ; 238.100 ; 904.230 ;341;73,67%;55,62%
Sant'Egidio del Monte Albino;SA;Salerno; 8.785 ; 3.025.630   ; 5.475,0 ; 1.666.920 ; 4.698.025 ;535;64,52%;48,59%
Santomenna;SA;Salerno; 401 ; 75.910   ; -   ; 34.320 ; 110.230 ;275;68,87%;49,43%
San Valentino Torio;SA;Salerno; - ; NC ; NC ; NC ; NC ; NC ; NC ; NC 
Sanza;SA;Salerno; 2.376 ; 325.097   ; -   ; 100.760 ; 425.857 ;179;76,34%;57,33%
Sapri;SA;Salerno; - ; NC ; NC ; NC ; NC ; NC ; NC ; NC 
Sarno;SA;Salerno; 30.559 ; 10.833.022   ; -   ; 2.784.520 ; 13.617.542 ;446;79,55%;55,46%
Sassano;SA;Salerno; - ; NC ; NC ; NC ; NC ; NC ; NC ; NC 
Scafati;SA;Salerno; 48.045 ; 11.661.877   ; -   ; 7.901.940 ; 19.563.817 ;407;59,61%;46,09%
Scala;SA;Salerno; 1.496 ; 441.735   ; 13.687,5 ; 155.420 ; 610.843 ;408;74,56%;56,99%
Serramezzana;SA;Salerno; 269 ; 33.442   ; -   ; 16.960 ; 50.402 ;187;66,35%;47,98%
Serre;SA;Salerno; - ; NC ; NC ; NC ; NC ; NC ; NC ; NC 
Sessa Cilento;SA;Salerno; 1.159 ; 239.920   ; -   ; 80.700 ; 320.620 ;277;74,83%;52,78%
Siano;SA;Salerno; 9.407 ; 2.166.820   ; -   ; 1.716.560 ; 3.883.380 ;413;55,80%;41,63%
Sicignano degli Alburni;SA;Salerno; 3.053 ; 822.280   ; -   ; 138.460 ; 960.740 ;315;85,59%;61,87%
Stella Cilento;SA;Salerno; 682 ; 194.678   ; -   ; 47.740 ; 242.418 ;355;80,31%;59,90%
Stio;SA;Salerno; 774 ; 140.830   ; -   ; 108.460 ; 249.290 ;322;56,49%;41,90%
Teggiano;SA;Salerno; 7.056 ; 1.178.422   ; 68.437,5 ; 800.580 ; 2.047.440 ;290;60,90%;48,36%
Torchiara;SA;Salerno; 1.835 ; 651.359   ; -   ; 124.020 ; 775.379 ;423;84,01%;61,16%
Torraca;SA;Salerno; 1.195 ; 187.740   ; -   ; 135.460 ; 323.200 ;270;58,09%;44,20%
Torre Orsaia;SA;Salerno; 1.985 ; 413.398   ; -   ; 184.650 ; 598.048 ;301;69,12%;52,92%
Tortorella;SA;Salerno; 482 ; 83.280   ; -   ; 22.720 ; 106.000 ;220;78,57%;58,25%
Tramonti;SA;Salerno; 4.135 ; 1.002.356   ; 303.588,8 ; 325.800 ; 1.631.745 ;395;80,03%;61,17%
Trentinara;SA;Salerno; 1.581 ; 354.869   ; 13.687,5 ; 202.185 ; 570.742 ;361;64,58%;48,05%
Valle dell'Angelo;SA;Salerno; 219 ; 41.160   ; -   ; 28.060 ; 69.220 ;316;59,46%;41,82%
Vallo della Lucania;SA;Salerno; 7.992 ; 2.808.160   ; -   ; 1.003.260 ; 3.811.420 ;477;73,68%;53,71%
Valva;SA;Salerno; 1.537 ; 277.245   ; -   ; 152.980 ; 430.225 ;280;64,44%;43,94%
Vibonati;SA;Salerno; 3.204 ; 856.500   ; -   ; 534.420 ; 1.390.920 ;434;61,58%;48,72%
Vietri sul Mare;SA;Salerno; 7.180 ; 1.947.743   ; -   ; 1.858.289 ; 3.806.032 ;530;51,18%;40,38%
Bellizzi;SA;Salerno; 13.229 ; 5.155.930   ; -   ; 1.301.780 ; 6.457.710 ;488;79,84%;60,82%
